medFpvalMatfull1,medFpvalMatfull2,medFpvalMatfull3,medFpvalMatfull4,medFpvalMatfull5,medFpvalMatfull6,medFpvalMatfull7,medFpvalMatfull8,medFpvalMatfull9,medFpvalMatfull10,medFpvalMatfull11,medFpvalMatfull12,medFpvalMatfull13,medFpvalMatfull14,medFpvalMatfull15,medFpvalMatfull16,medFpvalMatfull17,medFpvalMatfull18,medFpvalMatfull19,medFpvalMatfull20
0.0344696256785726,0.139720420061544,NaN,0.144297693427634,NaN,0.00125108621885165,0.0155932072192954,0.0847095727892386,0.194193152357534,NaN,0.00341471126642368,0.0126719491244685,0.0233575636426241,NaN,NaN,NaN,NaN,NaN,NaN,NaN
0.0802322255384972,0.140028870574938,NaN,0.243561937320643,NaN,0.0331633624831594,0.0689633033564248,0.118312337486456,0.16674952535916,NaN,0.0540632990292848,0.081478581014823,0.00621026312544067,0.257469685410329,NaN,0.00602672001378547,0.19614612812414,0.00407095335650661,NaN,NaN
0.22929869893,0.101396367487891,NaN,0.136855296434795,NaN,0.0557791951776818,0.0316070678396414,0.221992823744051,0.261949062258439,NaN,0.0476948268717514,0.0129707437085562,0.00727374803175585,0.200029910710317,NaN,0.0810141919458749,0.096854407339259,0.0349627688027258,NaN,NaN
0.321951411667154,0.138900269478314,NaN,0.344885284017563,NaN,0.212913899636278,0.0437394293222408,0.147624264524297,0.297753078698099,NaN,0.20026127093599,0.0499905515396315,0.0175966205695074,NaN,NaN,NaN,NaN,NaN,NaN,NaN
0.568931705645744,0.399646749624161,NaN,0.479966834575184,NaN,0.369746678090278,0.456518143184262,0.462342276969394,0.372280505623679,NaN,0.494713706455838,0.367950056651277,0.394754784068221,0.243849528776185,NaN,NaN,NaN,0.0823138274354846,NaN,NaN
0.248715903551871,0.108791711258353,NaN,0.249391093180504,NaN,0.042814693898064,0.0798377987803071,0.448773160964865,0.36421962600976,NaN,0.194923508573948,0.0755065674232211,0.0289818865094659,NaN,NaN,NaN,NaN,NaN,NaN,NaN
